{"cameraMode":{"drawMode":0,"name":"Shaded","section":"Shading Mode"},"sceneLighting":true,"audioPlay":false,"sceneViewState":{"showFog":true,"showMaterialUpdate":false,"showSkybox":true,"showFlares":true,"showImageEffects":true,"showParticleSystems":true},"in2DMode":false,"pivot":{"x":3.2787535190582277,"y":2.745267391204834,"z":3.4427497386932375},"rotation":{"x":-0.09975718706846237,"y":0.894320547580719,"z":-0.2492537647485733,"w":-0.357928067445755},"size":4.041658401489258,"orthographic":false}